<?xml version="1.0" encoding="UTF-8" standalone="yes"?>
<addon id="Smokin8" name="Smokin8 Repo" version="1.0" provider-name="Smokin8">
    <extension point="xbmc.addon.repository" name="Smokin8 Repo">
        <dir>
            <info compressed="false">https://raw.githubusercontent.com/Smokin8/Smokin8/master/repo/zips/addons.xml</info>
            <checksum>https://raw.githubusercontent.com/Smokin8/Smokin8/master/repo/zips/addons.xml.md5</checksum>
            <datadir zip="true">https://raw.githubusercontent.com/Smokin8/Smokin8/master/repo/zips/</datadir>
        </dir>
    </extension>
    <extension point="xbmc.addon.metadata">
        <summary>Official Smokin8 Repo</summary>
        <description>Offical Smokin8 Repo</description>
        <disclaimer></disclaimer>
        <platform>all</platform>
        <assets>
            <icon>icon.png</icon>
            <fanart>fanart.jpg</fanart>
        </assets>
    </extension>
</addon>
